Workbook

Sheet Instruções
A1: DESAFIO 45 DIAS · ANTES DO VERÃO
A2: 6 de novembro a 20 de dezembro de 2026 · A gente cresce junto
A4: COMO USAR ESTA PLANILHA
A5: 1. MINHAS METAS
A6: • Preencha no dia 1: nome, nível de movimento, metas de água e sono, habilidade e meta de Corpo forte.
A7: • Registre os testes de Corpo forte nos dias 1, 15, 30 e 45.
A8: 2. ACOMPANHAMENTO DIÁRIO
A9: • Marque ✓ quando cumprir e ✗ quando não cumprir (use a lista da célula).
A10: • Em Objetivo Plus, informe quantos fez no dia (0, 1, 2…).
A11: • Os pontos do dia são calculados sozinhos (máximo 10).
A12: 3. CONQUISTAS
A13: • Registre cada conquista com a data. Os pontos e a semana são preenchidos sozinhos.
... A23: PONTUAÇÃO DIÁRIA
A24: Item | B24: Emoji | C24: Pontos | D24: Frequência
A25: Check-in enviado no dia | B25: ✅ | C25: 1 | D25: Diário
A26: Movimento e treino | B26: 🏋️ | C26: 3 | D26: Diário
A27: Hidratação (meta de água) | B27: 💧 | C27: 1 | D27: Diário
A28: Sono (meta de sono) | B28: 🌙 | C28: 1 | D28: Diário
A29: Corpo forte (dia de treino da meta) | B29: 💪 | C29: 2 | D29: 4x por semana
A30: Habilidade nova (dia de prática) | B30: 💡 | C30: 2 | D30: 3x por semana
A31: Máximo por dia | C31: 10
A33: BÔNUS DA SEMANA E CONQUISTAS
A34: Bônus / conquista | B34: Emoji | C34: Pontos | D34: Como conta
A35: Objetivo Plus (até 2 por semana) | B35: ⭐ | C35: 5 | D35: Automático, cada
A36: Semana consistente (check-in em 6 de 7 dias) | B36: 🔥 | C36: 10 | D36: Automático
A37: Metas semanais (Habilidade 3x e Corpo forte 4x) | B37: 🎯 | C37: 10 | D37: Automático
A38: Evolução no teste de Corpo forte (dias 15, 30, 45) | B38: 💪 | C38: 10 | D38: Conquistas
A39: Demonstração da Habilidade nova no dia 45 | B39: 💡 | C39: 15 | D39: Conquistas
A40: Motivar um amigo desanimado | B40: 🤝 | C40: 5 | D40: Conquistas
A41: Primeira vez acertando algo novo | B41: 🏅 | C41: 5 | D41: Conquistas
A43: Na semana 1 (só 3 dias) as metas semanais são proporcionais: 3 check-ins, 2 de Habilidade e 2 de Corpo forte.
A44: Check-in no grupo até as 23h com foto + checklist. Pontua quem participa, não quem é perfeito.

Sheet Minhas metas
A1: MINHAS METAS
A2: Preencha no dia 1 (6/11). Pode ajustar nos dias 15 e 30.
A4: Campo | B4: Minha meta | C4: Referência
A5: Participante
A6: Nível de movimento | C6: Iniciante (20–30 min) · Intermediário (30–45 min) · Avançado (45+ min)
A7: Meta diária de movimento (min) | C7: Referência: 45 min
A8: Meta diária de água (L) | C8: Referência: 35 ml por kg
A9: Meta de sono | C9: Ex.: 7h por noite ou deitar às 23h (±30 min)
A10: Habilidade nova escolhida | C10: Ex.: cozinhar 5 pratos saudáveis, marmitas da semana
A11: Meta de Corpo forte | C11: Ex.: 3 x 60 s de prancha, 1 barra completa
A13: TESTES DE CORPO FORTE
A14: Teste | B14: Data | C14: Resultado | D14: Evoluiu? (+10 em Conquistas)
A15: Dia 1 · teste inicial | B15: 06/11/2026 | D15: —
A16: Dia 15 | B16: 20/11/2026 | D16: =IF(OR(C16="",C15=""),"",IF(C16>C15,"Sim","Não"))
A17: Dia 30 | B17: 05/12/2026 | D17: =IF(OR(C17="",C16=""),"",IF(C17>C16,"Sim","Não"))
A18: Dia 45 · teste final | B18: 20/12/2026 | D18: =IF(OR(C18="",C17=""),"",IF(C18>C17,"Sim","Não"))
A19: Use números no Resultado (repetições, segundos, quilos) para a comparação funcionar.

Sheet Acompanhamento
A1: DESAFIO 45 DIAS · ACOMPANHAMENTO DIÁRIO
A2: Legenda: ✓ = cumpriu · ✗ = não cumpriu · Objetivo Plus = quantidade no dia
A4: Data | B4: Dia | C4: Dia da semana | D4: Semana | E4: Check-in ✅ (1 pt) | F4: Movimento e treino 🏋️ (3 pts) | G4: Água 💧 (1 pt) | H4: Sono 🌙 (1 pt) | I4: Corpo forte 💪 (2 pts) | J4: Habilidade nova 💡 (2 pts) | K4: Objetivo Plus ⭐ (qtd) | L4: Pontos do dia | M4: Observações
A5: 46332 | B5: Dia 1 | C5: sex | D5: 1 | L5: =(E5="✓")*1+(F5="✓")*3+(G5="✓")*1+(H5="✓")*1+(I5="✓")*2+(J5="✓")*2
A6: 46333 | B6: Dia 2 | C6: sáb | D6: 1 | L6: =(E6="✓")*1+(F6="✓")*3+(G6="✓")*1+(H6="✓")*1+(I6="✓")*2+(J6="✓")*2
A7: 46334 | B7: Dia 3 | C7: dom | D7: 1 | L7: =(E7="✓")*1+(F7="✓")*3+(G7="✓")*1+(H7="✓")*1+(I7="✓")*2+(J7="✓")*2
A8: 46335 | B8: Dia 4 | C8: seg | D8: 2 | L8: =(E8="✓")*1+(F8="✓")*3+(G8="✓")*1+(H8="✓")*1+(I8="✓")*2+(J8="✓")*2
A9: 46336 | B9: Dia 5 | C9: ter | D9: 2 | L9: =(E9="✓")*1+(F9="✓")*3+(G9="✓")*1+(H9="✓")*1+(I9="✓")*2+(J9="✓")*2
A10: 46337 | B10: Dia 6 | C10: qua | D10: 2 | L10: =(E10="✓")*1+(F10="✓")*3+(G10="✓")*1+(H10="✓")*1+(I10="✓")*2+(J10="✓")*2
A11: 46338 | B11: Dia 7 | C11: qui | D11: 2 | L11: =(E11="✓")*1+(F11="✓")*3+(G11="✓")*1+(H11="✓")*1+(I11="✓")*2+(J11="✓")*2
A12: 46339 | B12: Dia 8 | C12: sex | D12: 2 | L12: =(E12="✓")*1+(F12="✓")*3+(G12="✓")*1+(H12="✓")*1+(I12="✓")*2+(J12="✓")*2
A13: 46340 | B13: Dia 9 | C13: sáb | D13: 2 | L13: =(E13="✓")*1+(F13="✓")*3+(G13="✓")*1+(H13="✓")*1+(I13="✓")*2+(J13="✓")*2
A14: 46341 | B14: Dia 10 | C14: dom | D14: 2 | L14: =(E14="✓")*1+(F14="✓")*3+(G14="✓")*1+(H14="✓")*1+(I14="✓")*2+(J14="✓")*2
A15: 46342 | B15: Dia 11 | C15: seg | D15: 3 | L15: =(E15="✓")*1+(F15="✓")*3+(G15="✓")*1+(H15="✓")*1+(I15="✓")*2+(J15="✓")*2
A16: 46343 | B16: Dia 12 | C16: ter | D16: 3 | L16: =(E16="✓")*1+(F16="✓")*3+(G16="✓")*1+(H16="✓")*1+(I16="✓")*2+(J16="✓")*2
... A49: 46376 | B49: Dia 45 | C49: dom | D49: 7 | L49: =(E49="✓")*1+(F49="✓")*3+(G49="✓")*1+(H49="✓")*1+(I49="✓")*2+(J49="✓")*2
A50: TOTAL | E50: =COUNTIF(E5:E49,"✓") | F50: =COUNTIF(F5:F49,"✓") | G50: =COUNTIF(G5:G49,"✓") | H50: =COUNTIF(H5:H49,"✓") | I50: =COUNTIF(I5:I49,"✓") | J50: =COUNTIF(J5:J49,"✓") | K50: =SUM(K5:K49) | L50: =SUM(L5:L49)
A51: Dias 1, 15, 30 e 45 (em verde) são dias de teste de Corpo forte e de foto de progresso.

Sheet Conquistas
A1: CONQUISTAS
A2: Registre cada conquista com a data. Pontos e semana saem sozinhos.
A4: Data | B4: Semana | C4: Conquista | D4: Pontos | E4: Detalhe | H4: Tipos de conquista | I4: Pontos
B5: =IF(A5="","",IF(A5<DATE(2026,11,9),1,INT((A5-DATE(2026,11,9))/7)+2)) | D5: =IF(C5="","",IFERROR(VLOOKUP(C5,$H$5:$I$8,2,FALSE),0)) | H5: Evolução no teste de Corpo forte (dias 15, 30, 45) | I5: 10
B6: =IF(A6="","",IF(A6<DATE(2026,11,9),1,INT((A6-DATE(2026,11,9))/7)+2)) | D6: =IF(C6="","",IFERROR(VLOOKUP(C6,$H$5:$I$8,2,FALSE),0)) | H6: Demonstração da Habilidade nova no dia 45 | I6: 15
B7: =IF(A7="","",IF(A7<DATE(2026,11,9),1,INT((A7-DATE(2026,11,9))/7)+2)) | D7: =IF(C7="","",IFERROR(VLOOKUP(C7,$H$5:$I$8,2,FALSE),0)) | H7: Motivar um amigo desanimado | I7: 5
B8: =IF(A8="","",IF(A8<DATE(2026,11,9),1,INT((A8-DATE(2026,11,9))/7)+2)) | D8: =IF(C8="","",IFERROR(VLOOKUP(C8,$H$5:$I$8,2,FALSE),0)) | H8: Primeira vez acertando algo novo | I8: 5
B9: =IF(A9="","",IF(A9<DATE(2026,11,9),1,INT((A9-DATE(2026,11,9))/7)+2)) | D9: =IF(C9="","",IFERROR(VLOOKUP(C9,$H$5:$I$8,2,FALSE),0))
B10: =IF(A10="","",IF(A10<DATE(2026,11,9),1,INT((A10-DATE(2026,11,9))/7)+2)) | D10: =IF(C10="","",IFERROR(VLOOKUP(C10,$H$5:$I$8,2,FALSE),0))
B11: =IF(A11="","",IF(A11<DATE(2026,11,9),1,INT((A11-DATE(2026,11,9))/7)+2)) | D11: =IF(C11="","",IFERROR(VLOOKUP(C11,$H$5:$I$8,2,FALSE),0))
B12: =IF(A12="","",IF(A12<DATE(2026,11,9),1,INT((A12-DATE(2026,11,9))/7)+2)) | D12: =IF(C12="","",IFERROR(VLOOKUP(C12,$H$5:$I$8,2,FALSE),0))
B13: =IF(A13="","",IF(A13<DATE(2026,11,9),1,INT((A13-DATE(2026,11,9))/7)+2)) | D13: =IF(C13="","",IFERROR(VLOOKUP(C13,$H$5:$I$8,2,FALSE),0))
B14: =IF(A14="","",IF(A14<DATE(2026,11,9),1,INT((A14-DATE(2026,11,9))/7)+2)) | D14: =IF(C14="","",IFERROR(VLOOKUP(C14,$H$5:$I$8,2,FALSE),0))
B15: =IF(A15="","",IF(A15<DATE(2026,11,9),1,INT((A15-DATE(2026,11,9))/7)+2)) | D15: =IF(C15="","",IFERROR(VLOOKUP(C15,$H$5:$I$8,2,FALSE),0))
B16: =IF(A16="","",IF(A16<DATE(2026,11,9),1,INT((A16-DATE(2026,11,9))/7)+2)) | D16: =IF(C16="","",IFERROR(VLOOKUP(C16,$H$5:$I$8,2,FALSE),0))
B17: =IF(A17="","",IF(A17<DATE(2026,11,9),1,INT((A17-DATE(2026,11,9))/7)+2)) | D17: =IF(C17="","",IFERROR(VLOOKUP(C17,$H$5:$I$8,2,FALSE),0))
B18: =IF(A18="","",IF(A18<DATE(2026,11,9),1,INT((A18-DATE(2026,11,9))/7)+2)) | D18: =IF(C18="","",IFERROR(VLOOKUP(C18,$H$5:$I$8,2,FALSE),0))
B19: =IF(A19="","",IF(A19<DATE(2026,11,9),1,INT((A19-DATE(2026,11,9))/7)+2)) | D19: =IF(C19="","",IFERROR(VLOOKUP(C19,$H$5:$I$8,2,FALSE),0))
B20: =IF(A20="","",IF(A20<DATE(2026,11,9),1,INT((A20-DATE(2026,11,9))/7)+2)) | D20: =IF(C20="","",IFERROR(VLOOKUP(C20,$H$5:$I$8,2,FALSE),0))
... B34: =IF(A34="","",IF(A34<DATE(2026,11,9),1,INT((A34-DATE(2026,11,9))/7)+2)) | D34: =IF(C34="","",IFERROR(VLOOKUP(C34,$H$5:$I$8,2,FALSE),0))

Sheet Resumo semanal
A1: RESUMO SEMANAL
A2: Calculado a partir de Acompanhamento e Conquistas. Envie o total ao organizador todo domingo.
A4: Semana | B4: Período | C4: Dias | D4: Check-ins | E4: Pontos diários | F4: Dias Corpo forte | G4: Dias Habilidade | H4: Objetivos Plus | I4: Bônus Plus | J4: Bônus consistência | K4: Bônus metas semanais | L4: Conquistas | M4: TOTAL DA SEMANA
A5: 1 | B5: 06/11 a 08/11 | C5: =COUNTIF(Acompanhamento!$D$5:$D$49,A5) | D5: =COUNTIFS(Acompanhamento!$D$5:$D$49,A5,Acompanhamento!$E$5:$E$49,"✓") | E5: =SUMIF(Acompanhamento!$D$5:$D$49,A5,Acompanhamento!$L$5:$L$49) | F5: =COUNTIFS(Acompanhamento!$D$5:$D$49,A5,Acompanhamento!$I$5:$I$49,"✓") | G5: =COUNTIFS(Acompanhamento!$D$5:$D$49,A5,Acompanhamento!$J$5:$J$49,"✓") | H5: =SUMIF(Acompanhamento!$D$5:$D$49,A5,Acompanhamento!$K$5:$K$49) | I5: =MIN(H5,2)*5 | J5: =IF(D5>=ROUNDUP(6*C5/7,0),10,0) | K5: =IF(AND(G5>=ROUNDUP(3*C5/7,0),F5>=ROUNDUP(4*C5/7,0)),10,0) | L5: =SUMIF(Conquistas!$B$5:$B$34,A5,Conquistas!$D$5:$D$34) | M5: =E5+I5+J5+K5+L5
A6: 2 | B6: 09/11 a 15/11 | C6: =COUNTIF(Acompanhamento!$D$5:$D$49,A6) | D6: =COUNTIFS(Acompanhamento!$D$5:$D$49,A6,Acompanhamento!$E$5:$E$49,"✓") | E6: =SUMIF(Acompanhamento!$D$5:$D$49,A6,Acompanhamento!$L$5:$L$49) | F6: =COUNTIFS(Acompanhamento!$D$5:$D$49,A6,Acompanhamento!$I$5:$I$49,"✓") | G6: =COUNTIFS(Acompanhamento!$D$5:$D$49,A6,Acompanhamento!$J$5:$J$49,"✓") | H6: =SUMIF(Acompanhamento!$D$5:$D$49,A6,Acompanhamento!$K$5:$K$49) | I6: =MIN(H6,2)*5 | J6: =IF(D6>=ROUNDUP(6*C6/7,0),10,0) | K6: =IF(AND(G6>=ROUNDUP(3*C6/7,0),F6>=ROUNDUP(4*C6/7,0)),10,0) | L6: =SUMIF(Conquistas!$B$5:$B$34,A6,Conquistas!$D$5:$D$34) | M6: =E6+I6+J6+K6+L6
A7: 3 | B7: 16/11 a 22/11 | C7: =COUNTIF(Acompanhamento!$D$5:$D$49,A7) | D7: =COUNTIFS(Acompanhamento!$D$5:$D$49,A7,Acompanhamento!$E$5:$E$49,"✓") | E7: =SUMIF(Acompanhamento!$D$5:$D$49,A7,Acompanhamento!$L$5:$L$49) | F7: =COUNTIFS(Acompanhamento!$D$5:$D$49,A7,Acompanhamento!$I$5:$I$49,"✓") | G7: =COUNTIFS(Acompanhamento!$D$5:$D$49,A7,Acompanhamento!$J$5:$J$49,"✓") | H7: =SUMIF(Acompanhamento!$D$5:$D$49,A7,Acompanhamento!$K$5:$K$49) | I7: =MIN(H7,2)*5 | J7: =IF(D7>=ROUNDUP(6*C7/7,0),10,0) | K7: =IF(AND(G7>=ROUNDUP(3*C7/7,0),F7>=ROUNDUP(4*C7/7,0)),10,0) | L7: =SUMIF(Conquistas!$B$5:$B$34,A7,Conquistas!$D$5:$D$34) | M7: =E7+I7+J7+K7+L7
A8: 4 | B8: 23/11 a 29/11 | C8: =COUNTIF(Acompanhamento!$D$5:$D$49,A8) | D8: =COUNTIFS(Acompanhamento!$D$5:$D$49,A8,Acompanhamento!$E$5:$E$49,"✓") | E8: =SUMIF(Acompanhamento!$D$5:$D$49,A8,Acompanhamento!$L$5:$L$49) | F8: =COUNTIFS(Acompanhamento!$D$5:$D$49,A8,Acompanhamento!$I$5:$I$49,"✓") | G8: =COUNTIFS(Acompanhamento!$D$5:$D$49,A8,Acompanhamento!$J$5:$J$49,"✓") | H8: =SUMIF(Acompanhamento!$D$5:$D$49,A8,Acompanhamento!$K$5:$K$49) | I8: =MIN(H8,2)*5 | J8: =IF(D8>=ROUNDUP(6*C8/7,0),10,0) | K8: =IF(AND(G8>=ROUNDUP(3*C8/7,0),F8>=ROUNDUP(4*C8/7,0)),10,0) | L8: =SUMIF(Conquistas!$B$5:$B$34,A8,Conquistas!$D$5:$D$34) | M8: =E8+I8+J8+K8+L8
A9: 5 | B9: 30/11 a 06/12 | C9: =COUNTIF(Acompanhamento!$D$5:$D$49,A9) | D9: =COUNTIFS(Acompanhamento!$D$5:$D$49,A9,Acompanhamento!$E$5:$E$49,"✓") | E9: =SUMIF(Acompanhamento!$D$5:$D$49,A9,Acompanhamento!$L$5:$L$49) | F9: =COUNTIFS(Acompanhamento!$D$5:$D$49,A9,Acompanhamento!$I$5:$I$49,"✓") | G9: =COUNTIFS(Acompanhamento!$D$5:$D$49,A9,Acompanhamento!$J$5:$J$49,"✓") | H9: =SUMIF(Acompanhamento!$D$5:$D$49,A9,Acompanhamento!$K$5:$K$49) | I9: =MIN(H9,2)*5 | J9: =IF(D9>=ROUNDUP(6*C9/7,0),10,0) | K9: =IF(AND(G9>=ROUNDUP(3*C9/7,0),F9>=ROUNDUP(4*C9/7,0)),10,0) | L9: =SUMIF(Conquistas!$B$5:$B$34,A9,Conquistas!$D$5:$D$34) | M9: =E9+I9+J9+K9+L9
A10: 6 | B10: 07/12 a 13/12 | C10: =COUNTIF(Acompanhamento!$D$5:$D$49,A10) | D10: =COUNTIFS(Acompanhamento!$D$5:$D$49,A10,Acompanhamento!$E$5:$E$49,"✓") | E10: =SUMIF(Acompanhamento!$D$5:$D$49,A10,Acompanhamento!$L$5:$L$49) | F10: =COUNTIFS(Acompanhamento!$D$5:$D$49,A10,Acompanhamento!$I$5:$I$49,"✓") | G10: =COUNTIFS(Acompanhamento!$D$5:$D$49,A10,Acompanhamento!$J$5:$J$49,"✓") | H10: =SUMIF(Acompanhamento!$D$5:$D$49,A10,Acompanhamento!$K$5:$K$49) | I10: =MIN(H10,2)*5 | J10: =IF(D10>=ROUNDUP(6*C10/7,0),10,0) | K10: =IF(AND(G10>=ROUNDUP(3*C10/7,0),F10>=ROUNDUP(4*C10/7,0)),10,0) | L10: =SUMIF(Conquistas!$B$5:$B$34,A10,Conquistas!$D$5:$D$34) | M10: =E10+I10+J10+K10+L10
A11: 7 | B11: 14/12 a 20/12 | C11: =COUNTIF(Acompanhamento!$D$5:$D$49,A11) | D11: =COUNTIFS(Acompanhamento!$D$5:$D$49,A11,Acompanhamento!$E$5:$E$49,"✓") | E11: =SUMIF(Acompanhamento!$D$5:$D$49,A11,Acompanhamento!$L$5:$L$49) | F11: =COUNTIFS(Acompanhamento!$D$5:$D$49,A11,Acompanhamento!$I$5:$I$49,"✓") | G11: =COUNTIFS(Acompanhamento!$D$5:$D$49,A11,Acompanhamento!$J$5:$J$49,"✓") | H11: =SUMIF(Acompanhamento!$D$5:$D$49,A11,Acompanhamento!$K$5:$K$49) | I11: =MIN(H11,2)*5 | J11: =IF(D11>=ROUNDUP(6*C11/7,0),10,0) | K11: =IF(AND(G11>=ROUNDUP(3*C11/7,0),F11>=ROUNDUP(4*C11/7,0)),10,0) | L11: =SUMIF(Conquistas!$B$5:$B$34,A11,Conquistas!$D$5:$D$34) | M11: =E11+I11+J11+K11+L11
A12: TOTAL | C12: =SUM(C5:C11) | D12: =SUM(D5:D11) | E12: =SUM(E5:E11) | F12: =SUM(F5:F11) | G12: =SUM(G5:G11) | H12: =SUM(H5:H11) | I12: =SUM(I5:I11) | J12: =SUM(J5:J11) | ... M12: =SUM(M5:M11)
A14: Bônus consistência: check-in em 6 de 7 dias. Bônus metas: Habilidade 3x e Corpo forte 4x na semana (semana 1 proporcional).

Sheet Ranking Geral
A1: RANKING GERAL · ORGANIZADOR
A2: Lance o total semanal que cada participante enviar no domingo.
A4: Participante | B4: Sem. 1 | C4: Sem. 2 | D4: Sem. 3 | E4: Sem. 4 | F4: Sem. 5 | G4: Sem. 6 | H4: Sem. 7 | I4: TOTAL | J4: Posição | K4: Penalidade (R$)
I5: =IF(A5="","",SUM(B5:H5)) | J5: =IF(A5="","",RANK(I5,$I$5:$I$24)) | K5: =IFERROR(VLOOKUP(A5,'Penalidade Solidária'!$A$5:$C$24,3,FALSE),"")
I6: =IF(A6="","",SUM(B6:H6)) | J6: =IF(A6="","",RANK(I6,$I$5:$I$24)) | K6: =IFERROR(VLOOKUP(A6,'Penalidade Solidária'!$A$5:$C$24,3,FALSE),"")
I7: =IF(A7="","",SUM(B7:H7)) | J7: =IF(A7="","",RANK(I7,$I$5:$I$24)) | K7: =IFERROR(VLOOKUP(A7,'Penalidade Solidária'!$A$5:$C$24,3,FALSE),"")
I8: =IF(A8="","",SUM(B8:H8)) | J8: =IF(A8="","",RANK(I8,$I$5:$I$24)) | K8: =IFERROR(VLOOKUP(A8,'Penalidade Solidária'!$A$5:$C$24,3,FALSE),"")
I9: =IF(A9="","",SUM(B9:H9)) | J9: =IF(A9="","",RANK(I9,$I$5:$I$24)) | K9: =IFERROR(VLOOKUP(A9,'Penalidade Solidária'!$A$5:$C$24,3,FALSE),"")
I10: =IF(A10="","",SUM(B10:H10)) | J10: =IF(A10="","",RANK(I10,$I$5:$I$24)) | K10: =IFERROR(VLOOKUP(A10,'Penalidade Solidária'!$A$5:$C$24,3,FALSE),"")
I11: =IF(A11="","",SUM(B11:H11)) | J11: =IF(A11="","",RANK(I11,$I$5:$I$24)) | K11: =IFERROR(VLOOKUP(A11,'Penalidade Solidária'!$A$5:$C$24,3,FALSE),"")
I12: =IF(A12="","",SUM(B12:H12)) | J12: =IF(A12="","",RANK(I12,$I$5:$I$24)) | K12: =IFERROR(VLOOKUP(A12,'Penalidade Solidária'!$A$5:$C$24,3,FALSE),"")
I13: =IF(A13="","",SUM(B13:H13)) | J13: =IF(A13="","",RANK(I13,$I$5:$I$24)) | K13: =IFERROR(VLOOKUP(A13,'Penalidade Solidária'!$A$5:$C$24,3,FALSE),"")
I14: =IF(A14="","",SUM(B14:H14)) | J14: =IF(A14="","",RANK(I14,$I$5:$I$24)) | K14: =IFERROR(VLOOKUP(A14,'Penalidade Solidária'!$A$5:$C$24,3,FALSE),"")
I15: =IF(A15="","",SUM(B15:H15)) | J15: =IF(A15="","",RANK(I15,$I$5:$I$24)) | K15: =IFERROR(VLOOKUP(A15,'Penalidade Solidária'!$A$5:$C$24,3,FALSE),"")
I16: =IF(A16="","",SUM(B16:H16)) | J16: =IF(A16="","",RANK(I16,$I$5:$I$24)) | K16: =IFERROR(VLOOKUP(A16,'Penalidade Solidária'!$A$5:$C$24,3,FALSE),"")
... I24: =IF(A24="","",SUM(B24:H24)) | J24: =IF(A24="","",RANK(I24,$I$5:$I$24)) | K24: =IFERROR(VLOOKUP(A24,'Penalidade Solidária'!$A$5:$C$24,3,FALSE),"")

Sheet Ranking Semanal
A1: RANKING SEMANAL
A2: Preenchido todo domingo · 🥇 escolhe o restaurante da celebração
A4: Semana | B4: Período | C4: 🥇 1º lugar | D4: 🥈 2º lugar | E4: 🥉 3º lugar | F4: Pontos do 1º
A5: Semana 1 | B5: 06/11 a 08/11
A6: Semana 2 | B6: 09/11 a 15/11
A7: Semana 3 | B7: 16/11 a 22/11
A8: Semana 4 | B8: 23/11 a 29/11
A9: Semana 5 | B9: 30/11 a 06/12
A10: Semana 6 | B10: 07/12 a 13/12
A11: Semana 7 | B11: 14/12 a 20/12

Sheet Penalidade Solidária
A1: 💙 PENALIDADE SOLIDÁRIA (OPCIONAL)
A2: Só se o grupo combinar no dia 1 · R$ 10,00 por dia sem check-in
A4: Participante | B4: Dias sem check-in | C4: Total acumulado (R$) | D4: Data da doação | E4: Para quem / observações
C5: =IF(A5="","",B5*10)
C6: =IF(A6="","",B6*10)
C7: =IF(A7="","",B7*10)
C8: =IF(A8="","",B8*10)
C9: =IF(A9="","",B9*10)
C10: =IF(A10="","",B10*10)
C11: =IF(A11="","",B11*10)
C12: =IF(A12="","",B12*10)
C13: =IF(A13="","",B13*10)
C14: =IF(A14="","",B14*10)
C15: =IF(A15="","",B15*10)
C16: =IF(A16="","",B16*10)
... C24: =IF(A24="","",B24*10)
